"original_url","source_file","section","avif"
"https://i.postimg.cc/1Xkp5TT3/screenshot-12.png","./animals_section.html","animals","assets/images/all/animals/screenshot-12-5332bc49.avif"
"https://i.postimg.cc/4dqKz0Gk/screenshot-17.png","./animals_section.html","animals","assets/images/all/animals/screenshot-17-2f7b2712.avif"
"https://i.postimg.cc/6pPSJGk1/image.png","./animals_section.html","animals","assets/images/all/animals/image-bfac5713.avif"
"https://i.postimg.cc/7LYh2kpQ/screenshot-26.png","./animals_section.html","animals","assets/images/all/animals/screenshot-26-aacf899d.avif"
"https://i.postimg.cc/7Y3scMjy/screenshot-9.png","./animals_section.html","animals","assets/images/all/animals/screenshot-9-d2223376.avif"
"https://i.postimg.cc/8P1GZHzq/screenshot-21.png","./animals_section.html","animals","assets/images/all/animals/screenshot-21-f322f204.avif"
"https://i.postimg.cc/BbGG25jQ/screenshot-28.png","./animals_section.html","animals","assets/images/all/animals/screenshot-28-3018c0ec.avif"
"https://i.postimg.cc/GtrYsYKk/screenshot-10.png","./animals_section.html","animals","assets/images/all/animals/screenshot-10-68c1dbf5.avif"
"https://i.postimg.cc/SRbSQbqs/screenshot-18.png","./animals_section.html","animals","assets/images/all/animals/screenshot-18-42748996.avif"
"https://i.postimg.cc/VNbcDYV7/Adobe-Express-file.png","./animals_section.html","animals","assets/images/all/animals/Adobe-Express-file-7002e200.avif"
"https://i.postimg.cc/W1BfHN7h/screenshot-23.png","./animals_section.html","animals","assets/images/all/animals/screenshot-23-c9122d89.avif"
"https://i.postimg.cc/W3v5TmXS/image.png","./animals_section.html","animals","assets/images/all/animals/image-272b14b9.avif"
"https://i.postimg.cc/YCN3nrG2/screenshot-7.png","./animals_section.html","animals","assets/images/all/animals/screenshot-7-c9afbd11.avif"
"https://i.postimg.cc/bY64gTXV/screenshot-6.png","./animals_section.html","animals","assets/images/all/animals/screenshot-6-92044e21.avif"
"https://i.postimg.cc/c1FkNMmq/screenshot-24.png","./animals_section.html","animals","assets/images/all/animals/screenshot-24-e24db2bd.avif"
"https://i.postimg.cc/dtjJmfmM/screenshot-27.png","./animals_section.html","animals","assets/images/all/animals/screenshot-27-cc5b562b.avif"
"https://i.postimg.cc/g00qs1Cn/screenshot-25.png","./animals_section.html","animals","assets/images/all/animals/screenshot-25-49cace66.avif"
"https://i.postimg.cc/ht4zncZt/screenshot-4.png","./animals_section.html","animals","assets/images/all/animals/screenshot-4-d564bc4b.avif"
"https://i.postimg.cc/k4f6B514/screenshot-15.png","./animals_section.html","animals","assets/images/all/animals/screenshot-15-fc1989c1.avif"
"https://i.postimg.cc/kGCC3NFR/screenshot-20.png","./animals_section.html","animals","assets/images/all/animals/screenshot-20-00688a5e.avif"
"https://i.postimg.cc/m2QwgY32/image.png","./animals_section.html","animals","assets/images/all/animals/image-a893cedb.avif"
"https://i.postimg.cc/ncZF6x0S/screenshot-19.png","./animals_section.html","animals","assets/images/all/animals/screenshot-19-17a6fde8.avif"
"https://i.postimg.cc/pTXybHWt/screenshot-16.png","./animals_section.html","animals","assets/images/all/animals/screenshot-16-3e28a6cd.avif"
"https://i.postimg.cc/qRvCG0nF/screenshot-2.png","./animals_section.html","animals","assets/images/all/animals/screenshot-2-642f6e2b.avif"
"https://i.postimg.cc/tTsvM0Gr/screenshot-8.png","./animals_section.html","animals","assets/images/all/animals/screenshot-8-514bda34.avif"
"https://i.postimg.cc/xTQh01rH/screenshot-13.png","./animals_section.html","animals","assets/images/all/animals/screenshot-13-e88fb34a.avif"
"https://i.postimg.cc/zG9rjkhY/screenshot-5.png","./animals_section.html","animals","assets/images/all/animals/screenshot-5-71cd6a0a.avif"
"https://i.postimg.cc/13cXdtQ6/image.png","./brain_teasers.html","brain-teasers","assets/images/all/brain-teasers/image-c5989d3e.avif"
"https://i.postimg.cc/3wP9Nnk2/image.png","./brain_teasers.html","brain-teasers","assets/images/all/brain-teasers/image-3dbaeec4.avif"
"https://i.postimg.cc/43V5qp3P/image.png","./brain_teasers.html","brain-teasers","assets/images/all/brain-teasers/image-f2c2cd66.avif"
"https://i.postimg.cc/7Z3vMJkv/image.png","./brain_teasers.html","brain-teasers","assets/images/all/brain-teasers/image-81ecc89e.avif"
"https://i.postimg.cc/D09D1npy/image.png","./brain_teasers.html","brain-teasers","assets/images/all/brain-teasers/image-426a5c13.avif"
"https://i.postimg.cc/DZYRyqqG/image.png","./brain_teasers.html","brain-teasers","assets/images/all/brain-teasers/image-68d66d5c.avif"
"https://i.postimg.cc/JzKrWbCM/image.png","./brain_teasers.html","brain-teasers","assets/images/all/brain-teasers/image-89689335.avif"
"https://i.postimg.cc/KYgr6B0j/image.png","./brain_teasers.html","brain-teasers","assets/images/all/brain-teasers/image-4caa28d4.avif"
"https://i.postimg.cc/KcQFXpvs/image.png","./brain_teasers.html","brain-teasers","assets/images/all/brain-teasers/image-b3e212f9.avif"
"https://i.postimg.cc/L5R0NNBj/image.png","./brain_teasers.html","brain-teasers","assets/images/all/brain-teasers/image-7a600c22.avif"
"https://i.postimg.cc/TPkTg5Vd/image.png","./brain_teasers.html","brain-teasers","assets/images/all/brain-teasers/image-510e64f5.avif"
"https://i.postimg.cc/TwJx3Cj1/image.png","./brain_teasers.html","brain-teasers","assets/images/all/brain-teasers/image-3d6fb80f.avif"
"https://i.postimg.cc/VNbcDYV7/Adobe-Express-file.png","./brain_teasers.html","brain-teasers","assets/images/all/brain-teasers/Adobe-Express-file-7002e200.avif"
"https://i.postimg.cc/qRr95Jpt/image.png","./brain_teasers.html","brain-teasers","assets/images/all/brain-teasers/image-f433a3c0.avif"
"https://i.postimg.cc/vmJK6Q4q/image.png","./brain_teasers.html","brain-teasers","assets/images/all/brain-teasers/image-ebbe8c0f.avif"
"https://i.postimg.cc/x8sSK84S/image.png","./brain_teasers.html","brain-teasers","assets/images/all/brain-teasers/image-2ff802e7.avif"
"https://i.postimg.cc/0jd4qkKH/image.png","./colors_section.html","colors","assets/images/all/colors/image-d3b6c90b.avif"
"https://i.postimg.cc/3JspmXy7/image.png","./colors_section.html","colors","assets/images/all/colors/image-f6f6e866.avif"
"https://i.postimg.cc/59PD40X8/image.png","./colors_section.html","colors","assets/images/all/colors/image-b5acbcdb.avif"
"https://i.postimg.cc/7LnXH0DV/image.png","./colors_section.html","colors","assets/images/all/colors/image-f6be22f7.avif"
"https://i.postimg.cc/9QRsNbNK/image.png","./colors_section.html","colors","assets/images/all/colors/image-1fe50a62.avif"
"https://i.postimg.cc/G3KKPDzD/image.png","./colors_section.html","colors","assets/images/all/colors/image-6a99bdc0.avif"
"https://i.postimg.cc/L6qyHXBZ/image.png","./colors_section.html","colors","assets/images/all/colors/image-24564f1b.avif"
"https://i.postimg.cc/RZPWQ0MR/image.png","./colors_section.html","colors","assets/images/all/colors/image-4f18d89c.avif"
"https://i.postimg.cc/SKXqH69n/image.png","./colors_section.html","colors","assets/images/all/colors/image-c9519aa1.avif"
"https://i.postimg.cc/TPhSW9nC/image.png","./colors_section.html","colors","assets/images/all/colors/image-2efc5661.avif"
"https://i.postimg.cc/VLDJ8FJg/image.png","./colors_section.html","colors","assets/images/all/colors/image-63e03c54.avif"
"https://i.postimg.cc/VNbcDYV7/Adobe-Express-file.png","./colors_section.html","colors","assets/images/all/colors/Adobe-Express-file-7002e200.avif"
"https://i.postimg.cc/W4789Jjx/image.png","./colors_section.html","colors","assets/images/all/colors/image-3bcc0a7e.avif"
"https://i.postimg.cc/Y24df0Gq/image.png","./colors_section.html","colors","assets/images/all/colors/image-09bd554e.avif"
"https://i.postimg.cc/Yq47TVpN/image.png","./colors_section.html","colors","assets/images/all/colors/image-b43bfb3a.avif"
"https://i.postimg.cc/ZRR8V7wy/image.png","./colors_section.html","colors","assets/images/all/colors/image-b9388aa6.avif"
"https://i.postimg.cc/ZYXQvpqL/image.png","./colors_section.html","colors","assets/images/all/colors/image-28314fc3.avif"
"https://i.postimg.cc/cHRJ57qQ/image.png","./colors_section.html","colors","assets/images/all/colors/image-b46d82df.avif"
"https://i.postimg.cc/d1vX3Ytc/image.png","./colors_section.html","colors","assets/images/all/colors/image-0f5ef921.avif"
"https://i.postimg.cc/d3rWvNrS/image.png","./colors_section.html","colors","assets/images/all/colors/image-c0b023c1.avif"
"https://i.postimg.cc/gc1h7s6Z/image.png","./colors_section.html","colors","assets/images/all/colors/image-097d54cd.avif"
"https://i.postimg.cc/nzH7MdyP/image.png","./colors_section.html","colors","assets/images/all/colors/image-e0528821.avif"
"https://i.postimg.cc/0QdZMbt9/image.png","./geography_section.html","geography","assets/images/all/geography/image-7d26a01a.avif"
"https://i.postimg.cc/1tqTXmFH/image.png","./geography_section.html","geography","assets/images/all/geography/image-339d8e02.avif"
"https://i.postimg.cc/3JMSSQGM/image.png","./geography_section.html","geography","assets/images/all/geography/image-ea3d321b.avif"
"https://i.postimg.cc/50s3fD73/image.png","./geography_section.html","geography","assets/images/all/geography/image-089cc120.avif"
"https://i.postimg.cc/52hDp9SH/image.png","./geography_section.html","geography","assets/images/all/geography/image-712f4c6b.avif"
"https://i.postimg.cc/63g6ZpT1/image.png","./geography_section.html","geography","assets/images/all/geography/image-380aea14.avif"
"https://i.postimg.cc/CLHNcBYD/image.png","./geography_section.html","geography","assets/images/all/geography/image-b04874b1.avif"
"https://i.postimg.cc/Dyz50f1K/image.png","./geography_section.html","geography","assets/images/all/geography/image-356928b3.avif"
"https://i.postimg.cc/G38Z2QRQ/image.png","./geography_section.html","geography","assets/images/all/geography/image-f68c4753.avif"
"https://i.postimg.cc/GhkMrPFp/image.png","./geography_section.html","geography","assets/images/all/geography/image-f3e8718b.avif"
"https://i.postimg.cc/Jz7zkgPJ/image.png","./geography_section.html","geography","assets/images/all/geography/image-88577eaf.avif"
"https://i.postimg.cc/Kj8z0DD8/image.png","./geography_section.html","geography","assets/images/all/geography/image-747862bb.avif"
"https://i.postimg.cc/KvvkyRBt/image.png","./geography_section.html","geography","assets/images/all/geography/image-39b179a6.avif"
"https://i.postimg.cc/L6qfGJzh/image.png","./geography_section.html","geography","assets/images/all/geography/image-e9626572.avif"
"https://i.postimg.cc/L81W46M8/image.png","./geography_section.html","geography","assets/images/all/geography/image-362b5ae3.avif"
"https://i.postimg.cc/QNKd31yL/image.png","./geography_section.html","geography","assets/images/all/geography/image-511a9e47.avif"
"https://i.postimg.cc/R0nJbyf8/image.png","./geography_section.html","geography","assets/images/all/geography/image-82ec9a16.avif"
"https://i.postimg.cc/T112LWRb/image.png","./geography_section.html","geography","assets/images/all/geography/image-1f427704.avif"
"https://i.postimg.cc/TPBJHnsd/image.png","./geography_section.html","geography","assets/images/all/geography/image-67f03fd2.avif"
"https://i.postimg.cc/VN0XRmLV/image.png","./geography_section.html","geography","assets/images/all/geography/image-6b9a98f8.avif"
"https://i.postimg.cc/VNbcDYV7/Adobe-Express-file.png","./geography_section.html","geography","assets/images/all/geography/Adobe-Express-file-7002e200.avif"
"https://i.postimg.cc/VkD74r1v/image.png","./geography_section.html","geography","assets/images/all/geography/image-d258ac71.avif"
"https://i.postimg.cc/Wpkf3cGS/image.png","./geography_section.html","geography","assets/images/all/geography/image-8192be71.avif"
"https://i.postimg.cc/Y2TV5mJs/image.png","./geography_section.html","geography","assets/images/all/geography/image-61b24d26.avif"
"https://i.postimg.cc/ZqYD8PdC/image.png","./geography_section.html","geography","assets/images/all/geography/image-7f993723.avif"
"https://i.postimg.cc/cH8Trfn6/image.png","./geography_section.html","geography","assets/images/all/geography/image-d6488ccf.avif"
"https://i.postimg.cc/fT7mjGZR/image.png","./geography_section.html","geography","assets/images/all/geography/image-43ad385c.avif"
"https://i.postimg.cc/fWCSYJfb/image.png","./geography_section.html","geography","assets/images/all/geography/image-4e45e25f.avif"
"https://i.postimg.cc/fbYJyLbD/image.png","./geography_section.html","geography","assets/images/all/geography/image-0742a65d.avif"
"https://i.postimg.cc/fyVKHBzR/image.png","./geography_section.html","geography","assets/images/all/geography/image-33610d24.avif"
"https://i.postimg.cc/gjhgx81N/image.png","./geography_section.html","geography","assets/images/all/geography/image-2307e224.avif"
"https://i.postimg.cc/hjcyDLSS/image.png","./geography_section.html","geography","assets/images/all/geography/image-43b8f48d.avif"
"https://i.postimg.cc/j5dnc2xx/image.png","./geography_section.html","geography","assets/images/all/geography/image-0a250185.avif"
"https://i.postimg.cc/kXMYSv3z/image.png","./geography_section.html","geography","assets/images/all/geography/image-8913d3c0.avif"
"https://i.postimg.cc/pLmpzCsW/image.png","./geography_section.html","geography","assets/images/all/geography/image-d5eaed6d.avif"
"https://i.postimg.cc/pTgc8wvB/image.png","./geography_section.html","geography","assets/images/all/geography/image-0e8d36e4.avif"
"https://i.postimg.cc/pdPBN2W7/image.png","./geography_section.html","geography","assets/images/all/geography/image-425382ba.avif"
"https://i.postimg.cc/qRVwm8ts/image.png","./geography_section.html","geography","assets/images/all/geography/image-6dafff68.avif"
"https://i.postimg.cc/rm8Z91RD/image.png","./geography_section.html","geography","assets/images/all/geography/image-a5e637e2.avif"
"https://i.postimg.cc/vZg12Cwn/image.png","./geography_section.html","geography","assets/images/all/geography/image-75d6cf5f.avif"
"https://i.postimg.cc/vm4tN5XX/image.png","./geography_section.html","geography","assets/images/all/geography/image-fb3fdb60.avif"
"https://i.postimg.cc/xCKpvsdD/image.png","./geography_section.html","geography","assets/images/all/geography/image-7e28d492.avif"
"https://i.postimg.cc/y6ZFWJb9/image.png","./geography_section.html","geography","assets/images/all/geography/image-d1c84844.avif"
"https://i.postimg.cc/yxymZjY6/image.png","./geography_section.html","geography","assets/images/all/geography/image-3f0add81.avif"
"https://i.postimg.cc/13FzZvnv/image-2025-05-07-214411496.png","./index.html","index","assets/images/all/index/image-2025-05-07-214411496-e0254d7d.avif"
"https://i.postimg.cc/13K7jQRP/image-2025-05-07-222522503.png","./index.html","index","assets/images/all/index/image-2025-05-07-222522503-5ecec708.avif"
"https://i.postimg.cc/3wsK1qdP/unnamed-8.png","./index.html","index","assets/images/all/index/unnamed-8-7575d8fd.avif"
"https://i.postimg.cc/3xM8fSJH/Screenshot-2025-05-08-9-04-23-AM.png","./index.html","index","assets/images/all/index/Screenshot-2025-05-08-9-04-23-AM-0019370f.avif"
"https://i.postimg.cc/8CM8pzz0/unnamed-9.png","./index.html","index","assets/images/all/index/unnamed-9-b62f0b72.avif"
"https://i.postimg.cc/90PsG87t/unnamed-4.png","./index.html","index","assets/images/all/index/unnamed-4-93d693fc.avif"
"https://i.postimg.cc/D0t3gJjn/unnamed-1.png","./index.html","index","assets/images/all/index/unnamed-1-d88b4c30.avif"
"https://i.postimg.cc/DzdySmcs/image-2025-05-07-214448845.png","./index.html","index","assets/images/all/index/image-2025-05-07-214448845-36f97d42.avif"
"https://i.postimg.cc/L5zFx4rP/unnamed-2.png","./index.html","index","assets/images/all/index/unnamed-2-78870abb.avif"
"https://i.postimg.cc/N0vxkPvT/image-2025-05-07-210211060.png","./index.html","index","assets/images/all/index/image-2025-05-07-210211060-598f2aa6.avif"
"https://i.postimg.cc/NFfYTS41/unnamed-1.png","./index.html","index","assets/images/all/index/unnamed-1-3c1c3652.avif"
"https://i.postimg.cc/QNcKpxx6/image-2025-05-07-212254297.png","./index.html","index","assets/images/all/index/image-2025-05-07-212254297-ee09956d.avif"
"https://i.postimg.cc/QdnN9CsN/unnamed-7.png","./index.html","index","assets/images/all/index/unnamed-7-43ef255e.avif"
"https://i.postimg.cc/RCbC6kwP/image-2025-05-07-214709003.png","./index.html","index","assets/images/all/index/image-2025-05-07-214709003-24d72580.avif"
"https://i.postimg.cc/SK5YGnMP/image-2025-05-07-212050885.png","./index.html","index","assets/images/all/index/image-2025-05-07-212050885-ba460aeb.avif"
"https://i.postimg.cc/TP9fRFRJ/image-2025-05-07-214848136.png","./index.html","index","assets/images/all/index/image-2025-05-07-214848136-a6c143b1.avif"
"https://i.postimg.cc/VNbcDYV7/Adobe-Express-file.png","./index.html","index","assets/images/all/index/Adobe-Express-file-7002e200.avif"
"https://i.postimg.cc/Wbkv48z3/unnamed.png","./index.html","index","assets/images/all/index/unnamed-cc80ea83.avif"
"https://i.postimg.cc/Y9zJFDgN/unnamed.jpg","./index.html","index","assets/images/all/index/unnamed-803834dd.avif"
"https://i.postimg.cc/Yq5p8QnY/image-2025-05-07-214753670.png","./index.html","index","assets/images/all/index/image-2025-05-07-214753670-240c1bb6.avif"
"https://i.postimg.cc/ZYwVzc6t/image-2025-05-07-210118794.png","./index.html","index","assets/images/all/index/image-2025-05-07-210118794-74854bbd.avif"
"https://i.postimg.cc/bNqwbpH2/image.png","./index.html","index","assets/images/all/index/image-a7e5e4fb.avif"
"https://i.postimg.cc/bwV9KNnx/image-2025-05-07-213857100.png","./index.html","index","assets/images/all/index/image-2025-05-07-213857100-5c281a43.avif"
"https://i.postimg.cc/fy73Z5r4/image-2025-05-07-212228619.png","./index.html","index","assets/images/all/index/image-2025-05-07-212228619-5a1a5351.avif"
"https://i.postimg.cc/mDVk0Qpy/unnamed.jpg","./index.html","index","assets/images/all/index/unnamed-6be7d4e5.avif"
"https://i.postimg.cc/mrtx0yvB/unnamed-3.png","./index.html","index","assets/images/all/index/unnamed-3-572f18cd.avif"
"https://i.postimg.cc/tgSS9NVM/image-2025-05-07-222555230.png","./index.html","index","assets/images/all/index/image-2025-05-07-222555230-aea1269c.avif"
"https://i.postimg.cc/vTyNHrN1/unnamed-5.png","./index.html","index","assets/images/all/index/unnamed-5-fd8e60b7.avif"
"https://i.postimg.cc/vZ0VcqHb/image-2025-05-07-211940039.png","./index.html","index","assets/images/all/index/image-2025-05-07-211940039-da028842.avif"
"https://i.postimg.cc/x1fmjDQ6/image-2025-05-07-211843827.png","./index.html","index","assets/images/all/index/image-2025-05-07-211843827-7610d338.avif"
"https://i.postimg.cc/x879wm0r/image-2025-05-07-214604298.png","./index.html","index","assets/images/all/index/image-2025-05-07-214604298-5b09e50d.avif"
"https://i.postimg.cc/y8J1Lqzj/unnamed.png","./index.html","index","assets/images/all/index/unnamed-650dba54.avif"
"https://i.postimg.cc/zBgb2qwG/image-2025-05-07-212115211.png","./index.html","index","assets/images/all/index/image-2025-05-07-212115211-f3ace5ab.avif"
"https://i.postimg.cc/VNbcDYV7/Adobe-Express-file.png","./leaderboard.html","leaderboard","assets/images/all/leaderboard/Adobe-Express-file-7002e200.avif"
"https://i.postimg.cc/3R0Df8P8/image.png","./math_section.html","math","assets/images/all/math/image-84684673.avif"
"https://i.postimg.cc/8cywdPW1/Screenshot-2025-05-09-11-12-00-AM.png","./math_section.html","math","assets/images/all/math/Screenshot-2025-05-09-11-12-00-AM-68965cb1.avif"
"https://i.postimg.cc/9M5zWMK6/image-2025-05-08-233321370.png","./math_section.html","math","assets/images/all/math/image-2025-05-08-233321370-794b4b4f.avif"
"https://i.postimg.cc/CMcDJ2Z6/unnamed-7.png","./math_section.html","math","assets/images/all/math/unnamed-7-5ab924b1.avif"
"https://i.postimg.cc/J7jZBwQ3/image-2025-05-08-232917115.png","./math_section.html","math","assets/images/all/math/image-2025-05-08-232917115-12753b56.avif"
"https://i.postimg.cc/LsZ7Xd09/image.png","./math_section.html","math","assets/images/all/math/image-0499d95f.avif"
"https://i.postimg.cc/MG4ZvyX5/unnamed-5.png","./math_section.html","math","assets/images/all/math/unnamed-5-da42605e.avif"
"https://i.postimg.cc/PfBCJn0Z/Screenshot-2025-05-09-11-11-25-AM.png","./math_section.html","math","assets/images/all/math/Screenshot-2025-05-09-11-11-25-AM-4e7c8911.avif"
"https://i.postimg.cc/VNbcDYV7/Adobe-Express-file.png","./math_section.html","math","assets/images/all/math/Adobe-Express-file-7002e200.avif"
"https://i.postimg.cc/Z5Q8wdXv/unnamed-2.png","./math_section.html","math","assets/images/all/math/unnamed-2-7f0df989.avif"
"https://i.postimg.cc/bNbydDjH/image.png","./math_section.html","math","assets/images/all/math/image-e09eb2d4.avif"
"https://i.postimg.cc/bwV9KNnx/image-2025-05-07-213857100.png","./math_section.html","math","assets/images/all/math/image-2025-05-07-213857100-5c281a43.avif"
"https://i.postimg.cc/m2HT5cX1/Screenshot-2025-05-09-11-09-30-AM.png","./math_section.html","math","assets/images/all/math/Screenshot-2025-05-09-11-09-30-AM-334d41e8.avif"
"https://i.postimg.cc/sDcVpFvv/unnamed-6.png","./math_section.html","math","assets/images/all/math/unnamed-6-dbd31c79.avif"
"https://i.postimg.cc/sXk20prx/Screenshot-2025-05-09-11-01-18-AM.png","./math_section.html","math","assets/images/all/math/Screenshot-2025-05-09-11-01-18-AM-ced65c2d.avif"
"https://i.postimg.cc/wxk3p9Vr/image-2025-05-08-233422795.png","./math_section.html","math","assets/images/all/math/image-2025-05-08-233422795-5bb321d3.avif"
"https://i.postimg.cc/xdBpkCQM/unnamed-4.png","./math_section.html","math","assets/images/all/math/unnamed-4-6f306868.avif"
"https://i.postimg.cc/xdRmNpLQ/image.png","./math_section.html","math","assets/images/all/math/image-d16c838c.avif"
"https://i.postimg.cc/yxgGQZTf/Screenshot-2025-05-09-10-50-33-AM.png","./math_section.html","math","assets/images/all/math/Screenshot-2025-05-09-10-50-33-AM-1f8cacf9.avif"
"https://i.postimg.cc/3rb35XSy/image.png","./reading_section.html","reading","assets/images/all/reading/image-097db7d0.avif"
"https://i.postimg.cc/3xmpt1rQ/image-2025-05-09-235555888.png","./reading_section.html","reading","assets/images/all/reading/image-2025-05-09-235555888-0d066ecc.avif"
"https://i.postimg.cc/44W1cWy8/image.png","./reading_section.html","reading","assets/images/all/reading/image-1340b12f.avif"
"https://i.postimg.cc/9F4y7VvM/image.png","./reading_section.html","reading","assets/images/all/reading/image-869d7dad.avif"
"https://i.postimg.cc/Fz1mkzRs/image.png","./reading_section.html","reading","assets/images/all/reading/image-0d7208f0.avif"
"https://i.postimg.cc/JhH0z4g3/image.png","./reading_section.html","reading","assets/images/all/reading/image-d49c0a15.avif"
"https://i.postimg.cc/L6vjRzgq/image.png","./reading_section.html","reading","assets/images/all/reading/image-ab6de498.avif"
"https://i.postimg.cc/N0XGwC9p/image.png","./reading_section.html","reading","assets/images/all/reading/image-53d7e815.avif"
"https://i.postimg.cc/VNbcDYV7/Adobe-Express-file.png","./reading_section.html","reading","assets/images/all/reading/Adobe-Express-file-7002e200.avif"
"https://i.postimg.cc/bY9BB0Jb/image.png","./reading_section.html","reading","assets/images/all/reading/image-725d323e.avif"
"https://i.postimg.cc/cJfWzK2z/image.png","./reading_section.html","reading","assets/images/all/reading/image-4db940a1.avif"
"https://i.postimg.cc/j5fBxfGG/image.png","./reading_section.html","reading","assets/images/all/reading/image-9d29ee98.avif"
"https://i.postimg.cc/wTxG8tyr/image.png","./reading_section.html","reading","assets/images/all/reading/image-4ba044ab.avif"
"https://i.postimg.cc/zv4WHbyY/image.png","./reading_section.html","reading","assets/images/all/reading/image-a41bf3ae.avif"
